Keywords,Count
서울,460
시장,295
2024,174
한국,169
금리,162
가격,155
산업,136
기자,135
기업,135
수출,128
고객,123
투자자,118
투자,109
혁신,109
계약,86
정부,85
제품,84
소비자,83
금융,78
경제,78
공장,76
미래,75
증가,73
베트남,73
판매,72
정책,70
일본,69
대출,68
할인,68
자금,67
무역,67
브랜드,66
판매량,62
디지털,61
평균,61
환경,60
esg,59
장관,58
올해,58
반도체,58
성장,57
중국,57
자회사,56
펀드,56
위원회,55
시간,55
경영자,54
삼성전자,54
보고서,53
은행,53
회의,52
뉴스,52
항공,50
중소기업,46
주택,46
의약품,46
부동산,45
분양,45
매출액,45
주식,45
성장세,45
하나은행,44
전기,44
매출,43
휘발유,43
마트,43
협약,42
해외,42
안전,42
지난달,42
모바일,41
노조,41
롯데호텔,41
환율,41
업계,41
아파트,40
항공기,40
기술,40
변화,40
감소,40
파업,39
포럼,38
증권,38
본부장,38
탄소,38
배터리,38
차량,38
지능,37
비용,37
상승세,36
대한민국,36
마케팅,36
향후,36
효율,35
임원,35
여름,35
보험,35
위원장,35
로봇,35
온라인,34
트럭,34
사장,34
유통,34
계획,33
매장,32
직원,32
금액,32
편의점,32
도시,32
수출액,31
미국,31
창업,31
세대,31
수입,31
조직,31
카드,31
공항,30
교육,30
수익,29
수입액,29
거래일,29
사업,29
달러,29
이마트,29
협상,29
상품,28
위기,28
회장,28
은퇴,28
포인트,28
천연가스,28
캠페인,28
회사,27
축소,27
서울시,27
협력,27
여성,27
집값,27
삼성,27
스타트업,27
하락,27
증권사,27
식품,26
벤처,26
가스,26
연금,26
임직원,26
전국삼성전자노동조합,25
결제,25
성장률,25
건설,25
관계자,25
계좌,25
프로모션,25
인천국제공항공사,25
2040,25
온실가스,24
인프라,24
해양,24
소득,24
거래,24
생산량,24
기후,24
서울경제,24
데이터,24
규모,24
총리,24
최대,23
투자업계,23
위험,23
인텔,23
무료,23
공공,23
마늘,22
혜택,22
영업,22
정보,22
연령,22
인기,21
선박,21
재배,21
외국인,21
발전소,21
인플레이션,21
쇼핑,21
교통부,21
nh투자증권,21
수요,20
파트너십,20
국회,20
중앙은행,20
재정부,20
법인,20
통계,20
소비,20
비행,20
근로자,20
부산,19
에너지,19
시내,19
성공,19
책임자,19
개발,19
사용자,18
사진,18
운송노동조합,18
사이버,18
현대자동차,18
거래량,18
보험료,18
총파업,18
자동,18
바이오,18
삼성중공업,17
레미콘운송노동조합,17
모델,17
매매,17
국제안전보건전시회,17
신한투자증권,17
cj그룹,17
기념식,17
스토어,17
오전,17
전략,17
행정,17
vlcc,17
예측,17
총부채,17
인터넷,17
도쿄,17
면역,17
경영진,16
회계,16
강원,16
한국투자증권,16
관리자,16
주차장,16
중동,16
김동민,16
창녕농협농산물,16
대통령,16
스마트폰,16
현대차,16
영상,15
커피,15
경유,15
슈퍼마켓,15
프로젝트,15
한국은행,15
스타벅스,14
시설,14
테마파크,14
보험금,14
롯데마트,14
규제,14
메뉴,14
챗봇,14
질환,14
김인철,14
조현준,14
통계청,14
공간,14
대신증권,14
연합뉴스,14
현금,14
플랫폼,14
항암제,13
세미나,13
땅값,13
출시,13
항암,13
애플리케이션,13
카페,13
협업,13
모니터링,13
최창원,13
자동차,13
금융업,13
수출국,13
엔진,13
보호,13
서울시장,13
미디어,13
아마존,13
한국노총,13
카카오페이,12
셔틀탱커,12
노동조합,12
한국남동발전,12
쇼핑몰,12
장치,12
카카오톡,12
시스템,12
계열사,12
유럽의약품청,12
센터,12
유튜브,12
바이오시밀러,12
대만,12
도시가스,12
etf,12
오후,12
민주당,12
우편,12
삼성sdi,12
리더,12
김선웅,12
싱가포르,12
지원,12
컨설팅,12
월평균,12
영업점,12
고용,12
건물,12
중앙회,12
논란,12
윤리,12
특허,12
대한항공,12
분석,11
국제기구,11
표준,11
포장,11
세계중소기업학회,11
임금,11
리포트,11
증권가,11
삼성증권,11
뉴욕,11
빌딩,11
교통,11
인천공항공사,11
국토부,11
미래에셋증권,11
기부,11
제약사,11
장비,11
항공사,11
컨테이너,11
당뇨병,11
요금,11
건축,11
전시회,11
교수,11
통합,11
인구,11
신한은행,11
하이투자증권,11
토론,11
제조사,11
홈페이지,11
북한,11
트럼프,11
총회,11
구매,11
이익률,11
약물,11
치료제,11
유통업,11
급여,10
우체국,10
체결,10
하나카드,10
초청,10
네트워크,10
ssg닷컴,10
부채,10
재난,10
xbrl,10
인천,10
g마켓,10
소재,10
상용차,10
방침,10
건강,10
석유,10
보건,10
영업시간,10
인천국제공항,10
기름값,10
모집,10
방문객,10
손실,10
기업인,10
예방,10
gs리테일,10
김현민,10
마켓,10
보험사,10
한국경제인협회,10
피부,10
공학부,10
복지,10
카카오페이포인트,10
기업가,9
상거래법,9
코스피,9
pf,9
설탕,9
토스증권,9
안동복합발전소,9
인턴십,9
위성,9
정치,9
개회사,9
대부분,9
위스키,9
세금,9
동안,9
단백질,9
투자사,9
개선,9
일평균,9
아이스크림,9
디자이너,9
테크,9
당뇨,9
맥주,9
점검,9
신협중앙회,9
아동,9
하노이,9
달러화,9
대표,9
기념사진,9
장성광업소,9
시험,9
뷰티,9
배우,9
멕시코신한은행,9
주멕시코,9
착륙,9
기업부,9
자본,9
식재료,9
문화,9
수상자,9
증권업,9
본부,9
호반문화재단,9
등급,9
비트코인,9
민성현,8
투표,8
산업은행,8
광주,8
서비스,8
카카오페이앱,8
쿠폰,8
일자리,8
연구소,8
글로벌,8
방학,8
애플,8
김학준,8
전보,8
협의회,8
자원부,8
그룹,8
참여,8
유럽,8
통계청장,8
명성,8
김지원,8
농업,8
기간,8
자산,8
데일리,8
리더십,8
어린이,8
국제무역통상연구원,8
사업장,8
연료,8
총괄,8
인도네시아,8
상승,8
연설,8
창업자,8
맛과,8
박사,8
한국투자신탁운용,8
코리아,8
성남시,8
모니터,8
조현상,8
지급,8
기대감,8
이코노미스트,8
금융사,8
개막식,8
리튬,8
팝업,8
재건축,8
한국토지주택공사,8
피자,8
초등학교,8
한국농수산식품유통공사,8
판매자,8
회관,8
대출액,8
화재,8
농수산물,7
기계,7
국립한국교통대,7
이사장,7
인수,7
환영사,7
지난해,7
제공,7
위반,7
교보생명,7
세탁,7
체험관,7
항공부품협회,7
경쟁,7
교실,7
화면,7
방문,7
선거,7
위성체,7
르노코리아,7
사회,7
기념행사,7
소송,7
한국수출입은행장,7
여행객,7
티켓,7
ibk투자증권,7
중심지,7
계약금,7
교통수단,7
혁신부,7
윤종혁,7
gs건설,7
lg유플러스,7
이용자,7
고객사,7
스크린,7
자원,7
국제,7
기름,7
경영,7
프로그램,7
최신,7
한국시멘트협회,7
수수료,7
유통사,7
중기업,7
배터리셀,7
캠프,7
펌프,7
알고리즘,7
현대백화점,7
발전,7
서브봇,7
김태형,7
승객,7
고트럭,7
소득세,7
업무,7
출발,7
품질,7
847,6
게임,6
아시아,6
태양광,6
색동,6
음식,6
강남구,6
구글,6
대한국토도시계획학회,6
연구자,6
인터뷰,6
sk그룹,6
서울시청,6
사무실,6
홍콩,6
체제,6
선포식,6
한국인,6
초콜릿,6
안전보건,6
김상열,6
시민,6
투자금,6
pmi,6
tsmc,6
한국항공우주산업,6
서울신문,6
경험,6
서울대학교,6
전화,6
예산,6
동남아시아,6
페이스북,6
여객,6
시즌,6
국세청,6
ns홈쇼핑,6
증가세,6
콘텐츠,6
서비스업,6
숙박,6
상반기,6
세포,6
kb국민은행,6
관광,6
노동,6
우리은행,6
우리금융그룹,6
ibk기업은행,6
관람객,6
보령신복합발전소,6
여행,6
한국명품감정원,6
투자액,6
온도,6
위원,6
한국고등교육재단,6
대회,6
모금회,6
kb금융그룹,6
재정,6
인스타그램,6
mts,6
임상,6
실업,6
딸기,6
파트너사,6
찐생홍삼구미,6
김송,6
보드카,6
상하이,6
배당,6
원장,6
아시아나항공,6
항공업,6
혁신단,6
이해관계자,6
가구,6
의사,6
백화점,6
의원,6
화장품,6
의약국,6
부서장,6
기부금,6
일정,6
역할,6
한국거래소,6
대통령실,6
한국로봇산업협회,6
베트남중앙은행,6
음료,6
내년,6
코스닥,6
베트남우리은행,6
주말,6
주유소,6
관리,6
제조업,6
교육부,5
plcc,5
옥수수,5
sc제일은행,5
가게,5
결과,5
농식품부,5
핀포인트타워,5
의약품청,5
summer,5
이정주,5
연구원,5
인천세종병원,5
부총장,5
추출물,5
재무제표,5
kdb,5
골든블루,5
한국도로공사,5
공공요금,5
협조,5
클라우드,5
ace,5
전국카페사장협동조합,5
샐러드,5
식단,5
한국가스안전공사,5
출근,5
상점,5
보안,5
대출자,5
파이낸셜뉴스,5
의료,5
신규,5
신세계백화점,5
삼천당제약,5
플라스틱,5
롯데건설,5
카페업,5
법인세,5
사고,5
동남아,5
채용,5
한국시멘트협회장,5
지구회,5
컬러,5
생산,5
다운로드,5
와이즈앱,5
유진로봇,5
협약서,5
경북,5
건설업,5
컨설턴트,5
김세종,5
여름철,5
이날,5
논의,5
토론회,5
최종현,5
연간,5
이산화탄소,5
교통안전,5
야채,5
박동주,5
작년,5
경쟁력,5
회의실,5
납부금,5
이착륙,5
안전사고,5
체계,5
동해시가족센터,5
부위원장,5
김성현,5
공급,5
메가푸드마켓,5
관절염,5
경우,5
검찰,5
디자인,5
서울대,5
kb증권,5
행사,5
방송,5
이유,5
kb금융,5
속도,5
대중교통,5
영업부,5
한국석유공사,5
헌혈,5
전시,5
쉼터,5
수준,5
컬처밸리,5
푸드,5
비율,5
세탁건조기,5
부문,5
부사장,5
코인마켓캡,5
정부서울청사,5
알리,5
가치,5
우리금융미래재단,5
휴가철,5
skms연구소,5
회원,5
신세계건설,5
영업장,5
사업부,5
본사,5
지원금,5
신청,5
space,5
인센티브,5
부산시장,5
수출입,5
협약식,5
시장법,5
미래에셋자산운용,5
하락세,5
그랜드챌린지,5
폭발,5
경인지하고속도로,5
더불어민주당,5
이벤트,5
예정,5
상무보,5
한국모태펀드,4
유진투자증권,4
하이볼,4
와인,4
승인,4
태국,4
납부,4
용품,4
피해,4
인천공항점,4
화성산업,4
화이트초콜릿,4
커피업,4
전국레미콘운송노동조합,4
농가,4
공무원,4
강남점,4
계약자,4
송당리,4
가스안전공사,4
건축물,4
국제공항,4
우편물류센터,4
데이터베이스,4
관광지,4
발표,4
졸업,4
방사선,4
총장,4
보호법,4
수출품,4
참가자,4
저장,4
회원사,4
체험,4
컨테이너선,4
군마트,4
일신,4
홈경기,4
갱구,4
약국,4
학생,4
제주시,4
출국,4
시대,4
전략실,4
도로,4
인천지점장,4
춘천,4
배송,4
서약서,4
납세자,4
제품군,4
치료,4
컴퓨터,4
기온,4
풍나무,4
예금,4
해운대수목원,4
투자가,4
상금,4
뮤직비디오,4
멕시코,4
국토,4
말레이시아,4
비판,4
스포츠,4
한국경제신문,4
이용객,4
한국청소년육성회,4
푸드트럭,4
차세대,4
공급망,4
사무총장,4
음용,4
주간,4
박지호,4
신한카드,4
psm,4
건초,4
화성,4
라이프,4
생명,4
고기,4
강원래,4
사보험,4
의류,4
김우민,4
행복,4
베이징,4
투어,4
이코노미석,4
김현곤,4
라이브시티,4
규정,4
아세안자동차연맹,4
현대차증권,4
초등,4
sustainable,4
전기료,4
운반선,4
인도네시아산,4
초등학생,4
미래혁신센터,4
운송,4
혐의,4
콜라보,4
조합원,4
창립,4
낚싯배,4
유통업체,4
담배,4
cj라이브시티,4
태그,4
kdb생명,4
스포츠웨어,4
홍보,4
공사,4
공모,4
커뮤니티,4
hs효성그룹,4
벌금,4
협회장,4
유권자,4
공정,4
서울역,4
글로벌마켓,4
강소기업,4
스팸,4
이정현,4
세탁량,4
약제,4
화학,4
제로,4
2792,4
컨퍼런스,4
보스턴컨설팅그룹,4
최재구,4
썸머,4
샌드위치,4
포스터,4
유럽연합,4
부산해양경찰서,4
남해지방해양경찰청,4
생태,4
박광현,4
습도,4
이달,4
과장,4
혁신단장,4
인턴,4
김병국,4
마감,4
출판사,4
파트너,4
낚시,4
청소년,4
세탁물,4
수급,4
아프리카,4
자료,4
지도,4
미사일,4
탈철,4
박스,4
수도,4
통신,4
kb국민,4
중심,4
사업자,4
스튜디오,4
창업가,4
im뱅크,4
연율,4
헬기,4
박홍근,4
매운맛,4
동국제강,4
현대건설,4
매니저,4
고형암,4
bpa,4
애플민트,4
위약,4
광고법,4
초당옥수수,4
콘샐러드,4
강남역,4
딥러닝,4
bnk금융그룹,4
사이트,4
휴업일,4
직무,4
바이오마커,4
기술력,4
칼로리,4
이메일,4
오늘,4
신청자,4
남가주대학교,4
센터장,4
현행법,3
아프리칸,3
아카데미,3
실시간,3
gmp,3
티웨이항공,3
지역,3
소프트웨어,3
미생물,3
식당,3
임기,3
행성,3
공학,3
스마트,3
인스파이어,3
개정안,3
배출량,3
민간,3
상승률,3
에스앤씨시스템즈,3
월요일,3
박지혁,3
행정학과,3
역사,3
국민의,3
발암,3
원인,3
테크놀로지,3
식빵,3
천연자원,3
인천중앙,3
김동준,3
자격,3
과거,3
콜센터,3
폐기물,3
분양업,3
결정,3
한국조세정책학회장,3
혈액학,3
산업의,3
대장암,3
금융위,3
신고,3
오염,3
우리카드,3
디스인플레이션,3
주스,3
영향,3
퍼블리싱,3
필리핀,3
유치원,3
김용덕,3
김선규,3
인구수,3
kdb산업은행,3
날짜,3
함유량,3
상자,3
업체,3
불안감,3
다음날,3
김강흥,3
김인식,3
혁명,3
세탁실,3
한국임상영양학회,3
재산,3
유기농,3
페미니즘,3
헌혈자,3
상무,3
중앙아시아,3
워터파크,3
현대닷컴,3
호반호텔앤리조트,3
승진,3
김현수,3
일동이커머스,3
수출입은행장,3
설비,3
공원,3
팬스타그룹,3
판매업자,3
메시지,3
최근,3
여객기,3
시간대,3
센서,3
부원장,3
safety,3
라디오,3
쌀값,3
진주국토관리,3
서울지방항공청,3
강릉,3
테스트,3
회견,3
학습,3
pay,3
노인,3
dbms,3
기회비용,3
주민,3
취재진,3
경찰,3
수목원,3
석유공사,3
서울금융센터,3
노벨바이오케어,3
거래소,3
서울도시건축,3
냉난방기,3
투쟁,3
바나나,3
주차,3
김기완,3
이사,3
발걸음,3
대방건설,3
사무국장,3
마켓포인트,3
마지막,3
쿠키앤크림,3
kbstar,3
배달의민족,3
러시아,3
불확실,3
dma,3
테마,3
오디오,3
작물,3
섬유,3
dxvx,3
한국원자력환경공단,3
안전보건전시회,3
흑자,3
아우름캠퍼스,3
조사,3
김윤구,3
사업장장,3
수산과학기술진흥원,3
김형곤,3
문의,3
박승희,3
서울부동산정보광장,3
이미지,3
주식회사,3
빅데이터,3
gs칼텍스,3
hbm,3
국제안전보건,3
세계한인무역협회,3
전문가,3
비행기,3
교육비,3
화곡청소년센터,3
점유율,3
개장,3
cnbc,3
lg생활건강,3
버스,3
이데일리,3
청주,3
초대,3
쿠팡이츠,3
교통망,3
태백시,3
vision,3
컨설팅사,3
알토스바이오로직스,3
역전근린공원,3
한국농업기술진흥원,3
과장급,3
hdc현대산업개발,3
휘발유값,3
제주지역,3
원유,3
sk수펙스추구협의회,3
충전기,3
현대,3
국민은행,3
압력,3
혈액,3
인생,3
레티보,3
북한경제연구실장,3
부회장,3
신한라이프,3
올림픽,3
현대엔지니어링,3
중소기업학회,3
박현철,3
현대카드,3
부영그룹,3
혁신성,3
지수,3
미래케어,3
kdb케어,3
kdb케어서비스,3
농협은행장,3
개혁,3
음주,3
점수,3
진단,3
전국삼성전자노조,3
한국경제연구원,3
보험업,3
팀장,3
키움금융센터,3
물량,3
법조인,3
청양고추,3
과학자,3
chmp,3
hau,3
촬영,3
일동홀딩스,3
한국국토정보공사,3
식사,3
제주,3
대학원,3
광주광역시장,3
회의소,3
행정관,3
김기홍,3
메밀비빔면,3
대우건설,3
제품력,3
신뢰,3
자본시장,3
현대오토에버,3
멘토링,3
소통,3
판사,3
신임,3
lg헬로비전,3
kgm,3
부동산업,3
가족,3
연구원장,3
효익,3
드론,3
상담,3
국내,3
sk텔레콤,3
김윤희,3
갤럭시,3
응우옌,3
에너지국제기구협력실장,3
치킨,3
선대회장,3
식문화,3
한국앤컴퍼니,3
정보실장,3
정확도,3
인증,3
책임,3
회담,3
수출자,3
gtx,3
출산,3
운용펀드,3
김근익,3
몬테레이,3
롯데이노베이트,3
통신업,3
tpd,3
한국여성벤처협회,3
강의실,3
일본술,3
마스크,3
탄소중립로드맵,3
리모델링,3
서울국제주류,3
매력,3
할인딜,3
로봇개,3
감지기,3
수영장,3
우리나라,3
런던,3
마켓인사이트,3
한국그리드포밍,3
악순환,3
탈탄소,3
법원,3
에너지국제협력센터,3
계절,3
아마존웹,3
협회,3
월급,3
웨딩,3
휴진,3
축제,3
쓱배송,3
롯데홈쇼핑,3
우산,3
남성,3
전립선암,3
판결,3
맛집,3
nh농협카드,2
공동체,2
알루미늄,2
예치금,2
넵튠,2
보상,2
서울행정법원,2
hd한국조선해양,2
intel,2
실패,2
설명회,2
공공시설,2
탑승객,2
자금난,2
비상경영,2
공직,2
채권자,2
햇마늘,2
추가,2
외국환,2
변호사,2
조선,2
풍경,2
도서관,2
익산산림항공관리소,2
나노,2
빗썸,2
한국콘크리트학회장,2
대상그룹,2
계획서,2
이틀,2
정욱,2
경력직,2
사직,2
정형민,2
가수,2
품목,2
음식점,2
영업망,2
헝가리,2
회복,2
한국경제tv,2
김명년,2
기념일,2
발행,2
산림청장,2
fed,2
삼성동,2
수증자,2
공항상,2
매체,2
세월,2
신뢰도,2
한국전력공사,2
전통주,2
ccm,2
회원국,2
당첨자,2
배터리용,2
외교,2
신문,2
한국전력수요관리협회,2
분양가,2
대학교,2
자연재해,2
김민지,2
삼성자산운용,2
it여성기업인협회,2
현대차그룹,2
전력망,2
금융실,2
학년,2
전략부,2
아이폰16,2
신동아건설,2
파트너쉽,2
배당금,2
야구,2
예약,2
우유,2
새마을금고중앙회,2
싱가폴,2
장갑,2
환경식품,2
인허가,2
나고야,2
조명,2
야시장,2
국가급,2
김순열,2
한국여성과학기술단체총연합회,2
분석실장,2
프랑스,2
소식,2
플레이션,2
놀이터,2
사실,2
초매식,2
얼음,2
전략실장,2
박동준,2
안산스마트,2
날씨,2
튜브,2
서명,2
소비자원,2
한국기업거버넌스포럼,2
색감,2
보조금,2
아이,2
동북,2
지급액,2
폭염,2
인프라운영,2
탱크,2
사회관계망,2
김윤호,2
정보원,2
상용,2
학교,2
노동력,2
수업,2
김진태,2
김형준,2
클라우드메이트,2
캡처,2
아파트값,2
기준위원회,2
부천,2
엔진사,2
적립금,2
서울파이낸스센터,2
세율,2
승무원,2
바다,2
소셜,2
유명,2
국무,2
정책과장,2
한국투자프라이빗에쿼티,2
농협카드,2
skms,2
수학,2
자격시험,2
학원가,2
장기전,2
부산모빌리티쇼,2
제주도,2
gs바이오,2
어린이집,2
세탁장,2
한국주류수입협회,2
강원특별자치,2
핫베이크,2
식습관,2
uhd,2
wall,2
반려동물,2
비타민,2
요리,2
스트레스,2
dsr,2
기상,2
헤리티지,2
에르쯔틴,2
바디케어,2
김선영,2
한국여성발명협회,2
한국산업기술진흥원,2
hs효성,2
농산업체,2
커버,2
후보자,2
휴가,2
유엔인구기금,2
인구학,2
fsn,2
대금,2
bts,2
공사비,2
부대표,2
단옥수수,2
투표수,2
갈비튀김,2
닭다리,2
자외선,2
봉사단,2
광주시청,2
광주시,2
농협홍삼,2
카메라,2
펄프,2
일본은행,2
김현정,2
비빔냉면,2
감칠맛,2
횟수,2
한화투자증권,2
창업주,2
날개,2
gpu,2
근무,2
빚더미,2
불법,2
adidas,2
나주,2
스위스,2
클래스,2
공공사업,2
알코올,2
열차,2
서울교통공사,2
lg에너지,2
부산울산경남본부,2
광주전남,2
대전세종충남본부,2
sk바이오팜,2
한국전력,2
김형욱,2
관련직,2
식물,2
사용,2
평양,2
배포,2
sk아이이테크놀로지,2
저온,2
프레임워크,2
장애인,2
식약처,2
배당액,2
항종양,2
검색,2
사유,2
애큐온저축은행,2
제보,2
스마트팩토리,2
중국은행,2
전송망,2
표준화,2
유엔무역개발협의회,2
서울시립화곡청소년센터,2
의견,2
동월,2
부산항만공사,2
투명,2
시장의,2
김관영,2
수펙스추구협의회,2
서울지하철,2
연평균,2
밴드,2
부모,2
일본인,2
근린공원,2
한화손해보험,2
택배,2
안드로이드,2
우체국페이,2
휴대폰,2
한국고용정보연구원,2
김미영,2
위험도,2
이민국,2
카드업,2
카드사,2
김대헌,2
현대자동차그룹,2
교통비,2
금감원장,2
bnk부산은행,2
인도,2
교통사고,2
서울주택도시공사,2
ts,2
밀알복지재단,2
찹쌀,2
안전시설물,2
jinro,2
이색,2
특허풀,2
김종윤,2
해양포럼,2
지출,2
jb금융그룹,2
채널,2
kt닷컴,2
농업인,2
신세계그룹,2
청량감,2
전문,2
김밥,2
밸류업펀드,2
출자금,2
베네브,2
모터,2
hynix,2
시기,2
hdc,2
김경옥,2
정보부,2
반출입,2
장치장,2
경기병원영업부장,2
부유,2
팬스타라인닷컴,2
홀트아동복지회,2
부산항,2
농식품,2
증상,2
의약청,2
농기계,2
연준,2
웹툰,2
시공사,2
우미건설,2
포스트그레sql,2
지니뮤직,2
현대산업개발,2
기업진흥공단,2
박람회,2
시내버스,2
비디오,2
취업,2
스페이스,2
매일경제,2
무선,2
모회사,2
소프트뱅크,2
라인야후,2
김진희,2
팝콘,2
station,2
한국암웨이,2
내일,2
지붕,2
의혹,2
교환,2
세탁기,2
가스선,2
기금,2
라인,2
첫날,2
신용보증재단,2
미술품,2
엘리베이터,2
한국산업안전보건공단,2
여행자,2
은행채,2
일상,2
맨해튼,2
열진공시설,2
035420,2
조직력,2
강수량,2
robot,2
치료비보험,2
전이암,2
운영,2
서울도시,2
아이캔두,2
낙관,2
한국여성경제인연합회,2
학습지,2
자녀,2
유아,2
부산지방국토관리청,2
김응영,2
국민카드,2
김주수,2
이슈노트,2
주택법,2
전북,2
sc,2
집단,2
하루,2
한국기계연구원,2
한국수목원정원관리원,2
밀알우리금융점,2
연구관,2
항암학회,2
폐암,2
에너지주,2
주택가,2
홍삼정,2
김광우,2
물막이판,2
가환율,2
kbr社,2
종양,2
응급,2
짜파구리,2
jt친애저축은행,2
후원금,2
호텔,2
롯데관광개발,2
한국경영자총협회,2
경력,2
강남대로,2
지하철,2
一流은행,2
영업단장,2
김창준,2
춘천근화,2
윤인상,2
김용준,2
호반그룹,2
박철희,2
인근,2
코오롱스포츠,2
애널리스트,2
jt저축은행,2
일자,2
창녕농협농산물공판장,2
복합,2
관리실장,2
tdms,2
암세포,2
김민성,2
레스토랑,2
순위,2
news,2
인사,2
한국여성경제인협회장,2
농협,2
수년,2
기술통,2
금지,2
hs효성더클래스,2
이병희,2
hs효성홀딩스usa,2
스마트스토어,2
농협경제,2
처벌,2
kapick,2
건설업체,2
바이오테크,2
탑승권,2
전자,2
ccl,2
한국외식업중앙회,2
행정학,2
삼성그룹,2
도넛,2
버터넛,2
점심시간,2
혈압,2
정부세종청사,2
골목길,2
2804,2
호텔앤드리조트,2
트랙스,2
마케팅실장,2
속보,2
신장,2
서울소의초,2
골프,2
항공편,2
한국관광공사,2
충청북도,2
장기간,2
롯데카드,2
치과,2
미래에셋생명,2
진료실,2
수술,2
횡단,2
copyright,2
nft,2
소음,2
서울공항,2
김아람,2
인공위성,2
궤도,2
미니멀리즘,2
롯데칠성음료,2
건조기,2
서울권역,2
약동학,2
지구식단,2
수산업,2
개미,2
결혼,2
신혼부부,2
정대희,2
롯데몰지점,2
퀵커머스실장,2
점심,2
요구,2
경제학자,2
공연,2
미국채,2
손동작,2
공장장,2
폴더블폰,2
ai신약융합연구원,2
약주,2
어드벤처,2
테니스장,2
설탕법,2
애벌레,2
innovation,2
동탄2신도시,2
텀블러,2
데이터사이언티스트,2
상인,2
보건소,2
노동자,2
제품명,2
출산율,2
경기지방노동위원회,2
경기도,2
정규직,2
mice,2
비글루,2
매장이,2
대한상공회의소,2
kcf,2
캠퍼스,2
서울외환,2
튀봇,2
휴업,2
스쿨,2
제주개발공사,2
꿀벌,2
정책국장,2
시설물,2
도매시장,2
피해자,2
스텝,2
생산자,2
불면증,2
폐업,2
광고주,2
더본코리아,2
치즈,2
메디봇,2
물놀이장,2
인천광역시,2
측정기,2
db금융투자,2
이지메디봇,2
cj나눔재단,2
msp,2
공시,2
경남,2
지배,2
단계,2
위믹스,2
확산,2
고덕아이파크디어,2
구축,2
lx한국국토정보공사,2
나무,2
영감,2
헌재,2
하이퍼,2
헌법,2
대한변호사협회,2
하드포크,2
농산물,2
중구,2
kcu,2
이용,2
로피바이오,2
마른김,2
시제품,2
냉장고,2
화폐,2
농민,2
인터페이스,2
한국보건의료연구원,2
경기주택도시공사,2
젤렌카,2
엑스포,2
상태,2
대한항공대한항공,2
면역항암학회,2
달걀,2
기획,2
연구,2
한국보건산업진흥원,2
레드챌린지,2
딥바이오,2
참석자,2
교육청,2
국방부,2
기자단,2
채소,2
입맛,2
lg화학,2
대전시장,2
관리부,2
배달업,2
국제투자협력단장,2
디카페인,2
데일리안,2
브라질,2
액체,2
황인욱,2
윤의순,2
맥도날드,2
라이더,2
시작,2
감시,2
효성그룹,2
기술원장,2
픽업,2
김윤수,2
gs25,2
효성중공업,2
과일,2
최지영,2
무대,2
손톱,2
재료,2
문제,2
역대,2
새벽,2
영양,2
영업일,2
lsd,2
첨단,2
곰팡이,2
유전,2
사생활,2
제작사,2
세종시문화관광재단,1
부자,1
신분증,1
발생,1
빈곤국,1
천안국빈장례식장,1
취업자,1
갑상선암,1
복구,1
천안시탁구협회장,1
홍성군청,1
영양소,1
제일건설,1
평택파주고속도로,1
표준전산,1
번호,1
북한산,1
인증서,1
kb손해보험,1
헤드라이트센터,1
피크에너지코리아,1
음성,1
김동규,1
소매가격,1
언어,1
거버넌스포럼,1
박준희,1
서울신용보증재단,1
한국세라믹학회장,1
pcc,1
익명,1
이희수,1
satchat,1
그라나파다노,1
양극재,1
어피니티에쿼티파트너스,1
배수장,1
한국앤컴퍼니그룹,1
사기업,1
국제공동,1
개발자,1
충북지방중소벤처,1
충북중기청,1
레몬,1
分稅制,1
충북조달청,1
논콩,1
한국건설기술인협회,1
pwc,1
042510,1
디앤디파마텍,1
김영문,1
제공사,1
이석희,1
한국여성과학기술,1
단체총연합회,1
행사장,1
쑥텅스텐,1
스카이파크,1
무게,1
철봉,1
손맛,1
389470,1
시나리오,1
김강윤,1
펩트론,1
편집부,1
평론가,1
브런치스토리,1
박성환,1
사진전,1
번째,1
이승우,1
산책로,1
송원영,1
교통복지,1
김선우,1
송동민,1
객체,1
왕겨,1
코스모팩,1
픽셀,1
홍성군,1
김형석,1
등록증,1
카자흐스탄,1
지원서,1
써니포터,1
국제바디아트콘테스트,1
협약식안양대학교,1
컨벤션,1
바이오헬스,1
인사이트,1
의료비,1
k뷰티전문가연합회,1
하이브리드,1
피비에스코리아,1
방글라데시,1
방화벽,1
계약서,1
김윤철,1
한국수출입은행,1
덕산하이메탈,1
해살이,1
로이터,1
자원봉사,1
전국,1
불공정,1
자연보호,1
워터파크다,1
비발디파크,1
노조원,1
제너시스bbq그룹,1
돈가스,1
테크로,1
컨퍼런스센터,1
삼일pwc,1
봉사,1
상생봉사단,1
이스라엘,1
솔루션,1
직장인,1
한국경제신문대신증권,1
탄광,1
설렁탕,1
직장,1
vacationing,1
중계,1
convention,1
동물,1
엉덩이,1
scmp,1
가축,1
대전세종충남,1
안병준,1
한촌설렁탕,1
청주시,1
운정,1
기업진흥원,1
고용부,1
참여연대,1
전국가맹점주협의회,1
대명소노그룹,1
사회위,1
원주세브란스기독병원,1
은행업,1
가이드라인,1
042660,1
leadership,1
비서실장,1
오피스넥스,1
토지주택연구원,1
stakeholder,1
인기식품,1
컨테이널,1
평화,1
요코하마,1
에코프로비엠,1
의약품업,1
영국,1
김포,1
한실공원,1
사회적기업진흥원,1
속놀이터,1
자연환경,1
한화생명이글스파크,1
기념공원,1
국립,1
한국사회적기업진흥원,1
사회적,1
사회단체,1
기준서,1
세브란스병원,1
강원관광재단,1
아우딘퓨쳐스,1
청약,1
삼성증권삼성증권,1
안덕근,1
전남,1
hpsp,1
소비자학과,1
전주,1
독서,1
서초wm센터장,1
세상,1
김동식,1
워커힐호텔,1
신한은행신한은행,1
전자레인지,1
로켓십,1
오븐,1
rebaker,1
하나증권,1
샐러디,1
불볕더위,1
농장,1
목포,1
한국노인인력개발원,1
국립축산과학원,1
한국노인인력개발원장,1
벽화,1
김행란,1
광업,1
광부,1
kb스타뱅킹,1
001560,1
관광객,1
기준일,1
정병혁,1
출판,1
이야기장수,1
제네바포럼,1
npc,1
크래프톤렐루게임즈,1
팩트체크,1
한국식품,1
식품업체,1
부동산신탁협회,1
실리콘밸리,1
키워드,1
정병찬,1
롯데,1
이응버스,1
청록수소,1
공정위,1
29,1
gmc,1
중앙일보,1
엔비티,1
배민쿠폰,1
2780,1
결제원,1
국회의원,1
bcg코리아,1
법관,1
bdc,1
중화우성타운,1
빙과,1
해킹,1
kimbap,1
서해안,1
이윤,1
김관식,1
할인전,1
스마트라이프,1
연수출,1
버지니아공과대,1
서울시립대,1
파이낸스센터,1
마이너스도소매업,1
구조대,1
게티이미지뱅크사모펀드,1
산양유아식,1
확률,1
와이파이,1
선거법,1
조용준,1
불황,1
족발집,1
장맛비,1
호텔스카이파크,1
lx,1
총생산,1
서버,1
쓰레기,1
sql,1
삭감,1
이전,1
환급금,1
김현주,1
은퇴자,1
캐나다,1
캐나디언,1
연합뉴스한국,1
세미나실,1
수협은행,1
변도시,1
롯데백화점,1
우리금융회장,1
db동국제약,1
송영범,1
서울특별시의회,1
pcb,1
한국환경조사평가원,1
유아식,1
조선업,1
레벨,1
컬래버,1
분노,1
애니메이션,1
구조대원,1
제주특별자치도개발공사,1
분당서울대병원,1
현미경,1
시뮬레이션센터,1
ssd,1
전문점,1
mgc,1
구조견,1
김영진,1
형제,1
스토리,1
머서,1
에누리닷컴,1
의정부,1
마사지,1
본점,1
하북소,1
심혈관,1
전날,1
마을,1
완주미디어센터,1
파이프라인,1
대우조선해양,1
서한,1
gmed,1
키움투자자산,1
부지사,1
구매처,1
국제기능장애,1
정헌율,1
관리원,1
설계,1
편의,1
혈류량,1
김영섭,1
승리,1
부동산학과,1
gs인증,1
aespa,1
댈러스,1
브릿지위원회,1
연속,1
부산창조경제혁신센터,1
기부식,1
임산부,1
새만금개발공사,1
고려대학교,1
계열,1
효성인포메이션시스템,1
벤처기업협회벤처기업협회,1
임재원,1
김동환,1
삼성중공,1
한입등갈비튀김,1
커넥트웨이브,1
문제의식,1
옵션,1
남대문경찰서,1
나이,1
의료원,1
sk매직,1
저소득,1
바닷길,1
인터파크쇼핑,1
한국모리빌딩,1
안동복합,1
연중,1
지네브라,1
우리은행장,1
mobility,1
집단행동,1
후지필름일렉트로닉이미징코리아,1
쌍안경,1
웹툰엔터,1
도시락,1
창업원,1
신청서,1
중국국제금융공사,1
열대야,1
베스트셀러,1
오젬픽,1
설사,1
세마글루타이드,1
café,1
패션쇼,1
wco,1
벨기에,1
미디어월,1
알츠하이머,1
난방,1
급증세,1
알츠하이머병,1
청소기,1
우체국뱅킹,1
034300,1
해수부,1
체리부,1
라이프시맨틱스,1
최진우,1
자전거,1
풀무릉도원,1
시각,1
스프라이트,1
아티아이,1
링고추,1
북한산밸리,1
김정호,1
한국인회,1
제공신한투자증권,1
vpn,1
수중,1
콘서트,1
보도,1
코오롱스페이스웍스,1
특성,1
유전체,1
유전자,1
파스타,1
remax,1
광주경실련,1
정치력,1
오해,1
청주동물원,1
서북부,1
도메인,1
새만금개발청장,1
양자,1
베타아밀로이드,1
김경안,1
identity,1
예약일,1
후속,1
떡볶이류,1
자동화,1
기사,1
김밥인,1
희망,1
이스타항공,1
cpo,1
암호,1
중국한국인회총연합회,1
퀵서비스,1
글로벌엔지니어링,1
김재을,1
치즈링,1
day,1
도매가격,1
켈리,1
감염증,1
인천도시공사,1
생산비,1
닝보국제컨벤션센터,1
지엘팜텍,1
정률,1
블랙베리,1
벌칙,1
한잔,1
jb우리캐피탈,1
식품점,1
소화기,1
대한건설정책연구원,1
보스턴,1
롯데건설롯데건설,1
배수로,1
시지바이오,1
국립대전숲체원,1
한국산림복지진흥원,1
비즈니스,1
김승만,1
박재욱,1
스타일링,1
태평양,1
7번가,1
가산세,1
코리아신탁,1
천재,1
암병원,1
경기장,1
푸본현대생명,1
자원봉사단,1
cfo,1
인천발,1
한화문화재단,1
xbrl협회,1
vm,1
서울과학종합대학원,1
함량,1
땅콩,1
리더급,1
유니콘,1
우드사이드,1
감독원,1
이듬해,1
현대기차유한공사,1
면사랑,1
사업부장,1
브랜드다,1
생성현대자동차,1
인사말,1
구역,1
인천국제해양포럼,1
베이커리,1
빵집,1
구성원,1
산업군,1
경상국립대학교,1
크기,1
생선,1
방송인,1
파생,1
유감,1
전영현,1
제때,1
성북구,1
안전청,1
막걸리,1
강풍,1
글로벌컨퍼런스,1
한국메타버스산업협회,1
불량자,1
사기,1
부동산세,1
유니세프,1
tv조선,1
임실,1
뇌전증,1
군민,1
발판,1
김영은,1
양부남,1
비디오다,1
제공kb금융그룹,1
철도,1
철도망,1
아세아자동차연맹,1
아이패드,1
태블릿,1
삼성디스플레이,1
아내,1
설거지,1
출퇴근,1
하이트진로제공,1
벤처캐피탈,1
bci,1
김성진,1
헝다,1
김영한,1
아프리카국립상업은행,1
법률안,1
자금력,1
김병훈,1
컨퍼런스룸,1
인피플컨설팅,1
브랜드관,1
오토매뉴팩,1
574,1
타워,1
월드컵,1
혐오,1
장면,1
세계,1
재정세법,1
회계법,1
뇌파,1
샤워기,1
부산세관장,1
관세협력국장,1
김동수,1
강원특별자치도,1
홍장희,1
폐해,1
통신탑,1
철탑,1
한국청년기업가정신,1
매일유업,1
과즙,1
충남,1
워터쇼,1
욕실,1
이나피스퀘어,1
롯데쇼핑,1
학위,1
레미콘운송노조,1
노보노디스크,1
사바나,1
라운지,1
노승혁,1
확약서,1
대신저축은행,1
빙과업,1
여신금융협회,1
신한금융그룹,1
중소기업인,1
부문장,1
한국해양대,1
한국해양교통안전공단,1
해양대,1
대학,1
감자,1
코즈믹,1
미국당뇨병학회,1
제공한국가스공사,1
자동차업,1
춘천우체국,1
드림타워,1
기기,1
그릇,1
박정현,1
구글폼,1
니콘이미징코리아,1
역부족,1
상품군,1
김경준,1
영주장날,1
신고서,1
ess,1
제조업체,1
르노코리아르노코리아,1
텃밭,1
브라우저,1
세계법제정보센터,1
민중전선,1
숲세권,1
조리법,1
가공,1
aict컴퍼니,1
장세욱,1
함영주금융지주,1
신한금융지주,1
최악,1
유학식,1
엔지니어,1
eda,1
과학기술,1
은하,1
컬러렌즈,1
법제처,1
프랑스와,1
과채,1
조정실장,1
비빔면,1
체크카드,1
강남구청,1
molecular,1
항균,1
일룸,1
세균,1
조닝폼,1
월평햇빛발전협동조합,1
휴직,1
디스커버리은행,1
hs효성인포메이션,1
hs효성첨단소재,1
hs효성비나물류,1
김용윤,1
개방감,1
운송료,1
nia,1
텝메코,1
약품,1
unsubscribe,1
마약,1
재판부,1
퇴사,1
아모레퍼시픽그룹,1
일양약품,1
친고죄,1
한국여성변호사회,1
참조은경제연구소,1
2801,1
부산세관,1
김용식,1
통관국장,1
팻말,1
중기이코노미기업지원단,1
보기조선일보,1
싱가포르항공,1
서울사업단,1
삼성전기,1
대상천구전자상무유한공사,1
mdti,1
서울지역,1
부동산경제연구소장,1
요미우리신문,1
월간,1
결국,1
kmi한국의학연구소,1
ibk기업은행장,1
ibk벤처투자,1
아이스컵,1
얼음컵,1
컵얼음,1
한국여성경제인협회,1
처방집,1
정엘가업승계센터,1
협력단,1
김영록,1
한국경제신문사,1
비자카드,1
게티이미지뱅크,1
야구단,1
kt그룹,1
취식대,1
입직률,1
노동부,1
보호복,1
임병식,1
성남,1
여동준,1
부담금,1
고추바사삭,1
플로깅,1
주제,1
시진핑,1
사우디아라비아,1
035720,1
이슬람,1
바른금융,1
dgb,1
치약,1
폼글,1
바이오의,1
독성,1
반도체위,1
충남혈액원,1
배달,1
대한적십자사,1
급증,1
음악,1
김성훈,1
미래전기,1
제너럴모터스,1
윤준병,1
위험지,1
충전물,1
김동명,1
asml,1
연합뉴스코스피,1
월드컴퓨터,1
김보혜,1
port,1
sdn,1
결혼식,1
전북혁신도시,1
한국전기안전공사,1
토론자,1
국회의원회관,1
몽땅드림,1
buds,1
김은경,1
곽재혁,1
한국여성과학기술인육성재단,1
인터배터리,1
pg,1
한국배터리산업협회장,1
김승연,1
동쪽,1
narcissism,1
나르시시즘,1
스푼라디오,1
취약,1
무알코올,1
제조,1
과정,1
팩토리,1
adp,1
토지보상행정사,1
현대엘리베이터,1
엔터테인먼트,1
김지호,1
참견,1
이후,1
연비,1
모험,1
357230,1
peter,1
nuboer,1
보령신복합,1
수의대생,1
유익균,1
gopizza,1
한국토지공사,1
어려움,1
방산업,1
공급사,1
이근우,1
롯데월드타워,1
제타플렉스,1
한국조선해양,1
자진,1
포토,1
속도감,1
스타일,1
후원학,1
기능올림픽대회한국위원회,1
한국사업인력공단,1
자격증,1
성남미용학원,1
지출액,1
국방일보,1
일간,1
국제시험,1
처방전,1
환자,1
살얼음,1
폐암신약,1
폐암센터장,1
탐험가,1
강릉시,1
민초파,1
보쌈,1
한화에어로,1
salute,1
황금빛,1
로얄살루트,1
컨템포러리,1
바이오가스,1
바이오메탄,1
에코바이오,1
친환경,1
지도력,1
하노이의과,1
서울본관,1
광역교통거점,1
대상,1
명륜진사갈비,1
명륜당,1
헌정,1
프랫앤드휘트니,1
sk엔무브,1
김동관,1
김보람,1
간호사,1
치료사,1
eb,1
청원서,1
우리은행우리은행,1
국장,1
노중현,1
자국장,1
공공물,1
헤어숍,1
박홍주,1
쌀조합,1
김종택,1
정준영,1
생존,1
위협,1
대한석탄공사,1
박준배,1
달서문화재단,1
예술,1
종교,1
농협은행,1
지갑,1
경영학,1
관리플러스센터,1
진료소,1
김종원,1
조은금강병원,1
김진우,1
김금식,1
미정,1
기준,1
의상,1
달서아트센터,1
광주시장,1
재해,1
출근제,1
혁신처,1
책임감,1
제주지역혁신플랫폼,1
제주지역혁신,1
제주테크노파크,1
제주쿱후레쉬,1
db자산,1
형증권투자,1
운송비,1
2797,1
더팩트,1
송주오,1
그동안,1
스타벅스제공,1
서울여대,1
석탄,1
한양대병원학교,1
위기설,1
대학원장,1
한국전력기술노조,1
원자력,1
서비스경영학회,1
한국서비스경영학회,1
페어몬트호텔,1
대한내과의사회,1
남혐,1
부정,1
유리,1
시행일,1
무호흡증,1
병원,1
에너지원,1
학자금,1
우울증,1
개소우리금융그룹,1
포켓,1
신약개발사,1
rtd,1
세포종,1
임상종양학회,1
스윗바베큐치킨,1
바베큐,1
부유식,1
준비,1
수협중앙회,1
주문수협중앙회,1
분양자,1
김정은,1
keb하나은행,1
원전,1
관리국장,1
급여형,1
대출전,1
aict,1
송형일,1
의료원장,1
파티,1
국제기준제정기구,1
apt,1
sllm,1
한국인삼공사,1
국제무역통상연구원장,1
작업복,1
대한제강워크웨어,1
회사법,1
jb금융,1
알토스바이로직스,1
김포열병합발전소,1
버전,1
호반파크,1
내달,1
사업점,1
피자업,1
파도풀,1
일자리경제과,1
포토스팟,1
손과,1
vaseline,1
집회,1
파리,1
공매도,1
예정일,1
이륜차,1
경찰청,1
녹색,1
한우곱창전골,1
영역,1
아시아기업지배구조협회,1
의무,1
배스킨라빈스,1
festival,1
한국공인회계사회한공회,1
회계학,1
회계학과,1
크림,1
과목,1
교사,1
재단,1
공급량,1
바이올리니스트,1
김정유,1
피아니스트,1
성남시청,1
탄콩그룹,1
디지털농민신문,1
디지털농민,1
농민신문,1
뮤직,1
선거일,1
키자니아,1
중학교,1
로고,1
제철,1
인테리어,1
파괴,1
oceanbotics,1
mini,1
미니,1
서약시세,1
감시인,1
이희성,1
298060,1
에스씨엠생명과학,1
메디콕스,1
오랫동안,1
나이스신용평가,1
성능,1
보증,1
충전식,1
손가락,1
미용,1
한국공인회계사회,1
관람,1
한돈자조,1
https,1
모아타운,1
중국석유,1
포장비,1
반년,1
계약일,1
지난주,1
근래,1
햄버거,1
보증재단,1
제주옥돔,1
케이엘미디어그룹,1
김재호,1
케이엘미디어,1
국제협력,1
주택자,1
하나로마트,1
cj올리브네트웍스,1
평안북도,1
뷰티센터,1
남천직업학교,1
뷰티학과,1
영업력,1
불빛,1
전국마늘생산자협회,1
선택,1
양산농협,1
예산안,1
불용액,1
경제를,1
자본력,1
갤럭시워치,1
스마트워치,1
모빌리티지원센터,1
휴림네트웍스,1
논산시청소년행복재단,1
규칙,1
정읍시,1
한국동서발전,1
esg퍼포먼스,1
mg새마을금고중앙회,1
대한소아청소년과학회,1
부모연대,1
권리,1
발달증진학회,1
로테르담항만공사,1
930,1
가솔린,1
중고차,1
충남경찰청,1
유빅스테라퓨틱,1
부산지방,1
퍼레이드,1
ipx,1
유방암,1
살균기,1
논문,1
해양생물자원관,1
디지털맵,1
map,1
아이나비시스템즈,1
by,1
성공기,1
국제금융센터,1
은행회관,1
댄서,1
김형태,1
항공권,1
icp,1
허브인터넷,1
칫솔,1
피해액,1
박형준,1
김경규,1
트레몰로,1
수자원,1
취득,1
면세점업,1
추천단,1
주권,1
6633,1
주장,1
정책위,1
작업,1
구현농장,1
초연축산,1
선발식,1
점검표,1
냉각,1
의료진,1
기념사,1
기흥사업장,1
갤럭시z,1
임은석,1
비닐,1
냄새,1
김준엽,1
탱크테크,1
국가화재정보센터,1
실험,1
샴티제,1
갤럭시s24,1
샴bti,1
샴페인,1
샴프,1
범죄,1
안랩클라우드메이트,1
3574,1
존스홉킨스대,1
플레이스테이션,1
윤선정신한은행,1
레고,1
서울중앙지법,1
유죄,1
증거물,1
합성,1
에스켐,1
질문,1
마법,1
효소,1
토스뱅크,1
통상학과,1
부산은행,1
복지부,1
병용법,1
항의,1
가이드봇,1
종용르노코리아,1
삼성교통안전문화연구소,1
밥차,1
테크놀러,1
한빛미디어,1
굿즈,1
올빰야시장,1
빰야시장,1
디저트,1
유통가,1
여성신문,1
보령교육지원청,1
승용차,1
보이콧,1
볼보자동차,1
정동빌딩,1
김앤장법률사무소,1
통증의학회,1
은행장,1
블루엠텍,1
원가,1
클럽,1
현대약품,1
경주,1
김근욱,1
hsbc,1
정책관,1
식품부,1
농작업,1
멀티미디어,1
연결,1
캘리포니아,1
구매자,1
농수산,1
에스케이재원,1
nh오늘농사,1
동맹,1
발전기,1
선임,1
풍산,1
336260,1
법률,1
독과점,1
donor,1
김병호,1
구예원,1
ls증권,1
니코틴아마이드,1
삼성브러쉬,1
걱정,1
효성티앤씨,1
효성홀딩스,1
신한투자증권신한투자증권,1
바이오플러스,1
알고리즘랩스,1
esrs,1
학회장,1
상무이사,1
휴온스그룹,1
비상,1
기준제정기구,1
안전장치,1
보행자,1
단체장,1
ok저축은행,1
선발,1
한국종축개량협회,1
배민스토어,1
원주시정신건강복지,1
원주추모공원,1
스토어신라면세점,1
페스티벌,1
코리아스타트업,1
머니카드,1
서울만남의광장,1
bnk경남은행,1
ifrs,1
연구부장,1
서울소,1
000250,1
등락,1
경부고속도로,1
코리아스타트업포럼,1
바로저축은행,1
부산광역시,1
더샵,1
서부산,1
울산시,1
김병진,1
여름날,1
출항일,1
chatgpt,1
대한주택관리사협회,1
신선대,1
제로칼로리,1
카페인,1
제로탄산,1
私法,1
이마트24,1
ssm,1
chinh,1
운동,1
무전기,1
국제회의,1
전시컨벤션센터,1
세계지질학회,1
피트니스,1
쓰촨성,1
투자법,1
공컨테이너,1
입점비,1
만전,1
조현렬,1
냉감,1
ice,1
송영근,1
한양증권,1
베이비본죽,1
건설사,1
가공식품,1
좌석,1
이정석,1
원화마켓,1
개인연금,1
심우건설,1
제조원,1
산양분유,1
감사,1
여권,1
한국공정거래학회,1
동영상서비스,1
통신사,1
현대홈쇼핑,1
한국프레스센터,1
우편물,1
로드,1
럭셔리,1
종양학회지,1
머리카락,1
모낭세포,1
볼펜,1
테크장,1
lab,1
박셀바이오항암,1
임원진,1
세븐스타코인,1
pcm,1
특허청,1
조수아라인야후,1
스테이크,1
된장술밥,1
컴퓨트,1
김기태,1
홍성산불,1
건대입구점,1
홍성환경운동연합,1
칠레,1
헤드폰,1
음향,1
cbam,1
코스메틱,1
global,1
혁신신약,1
제빵,1
부동산플래닛,1
참사,1
에스엔씨시스템즈,1
방송일,1
논설위원,1
bnk금융지주,1
주택도시보증공사,1
박람회장,1
방송법,1
변동,1
대응,1
한국관광스타트업협회,1
딜레마우리금융,1
우리금융,1
교보증권,1
tv홈쇼핑,1
뱅킹,1
철학,1
미술,1
교훈,1
연습장,1
선생,1
초록,1
ssg,1
자원봉사자,1
홍하이정밀공업,1
활용,1
항공료,1
연방항공청,1
아우디코리아,1
재정법,1
저점,1
은행업고도,1
연구실,1
유산균주,1
윤영섭,1
ctf,1
충북과학기술혁신원,1
xr,1
co₂,1
브뤼셀,1
김진동,1
한일현대시멘트,1
대구경북첨단의료산업진흥,1
상거래업체,1
뇌종양,1
연구단,1
한국정보보호학회장,1
defcon,1
의학과,1
ccmm,1
사이버몰,1
투자국,1
종양학과,1
낭패,1
이효근,1
오퍼레이션,1
김상준,1
효과,1
잡코리아,1
악영향,1
데일리카드,1
안전법,1
kb국민카드,1
금액대,1
대기,1
대방산업개발,1
임종철예금보험공사,1
친족상도례,1
한국정보통신산업진흥협회,1
국가혁신센터,1
만남,1
구독,1
bmw그룹코리아,1
케이블,1
오사카,1
두산에너빌리티,1
at,1
가전제품,1
전기집,1
partnership,1
안동부시장,1
안동시,1
경북도,1
장철웅,1
부산롯데호텔,1
세정나눔재단,1
마케팅비,1
trx,1
홍삼,1
긍정,1
정글,1
창원,1
식물문화,1
거제시,1
소프트캠프,1
대구시장,1
유조선,1
목포시,1
반출량,1
테니스,1
서울창업허브공덕,1
스카이,1
시민재해,1
시행,1
제페토,1
김해시,1
하남돼지,1
태양의,1
혁신장,1
만족도,1
김호중,1
pbm,1
initiative,1
여왕,1
다음,1
화제,1
열기,1
몬테레이지점,1
부생수소,1
자산재,1
참가,1
강원청정식품관,1
대전정부청사,1
캐릭터,1
부이전,1
한국백혈병소아암협회,1
오프라인,1
이재혁,1
해시태그,1
현대오토에버현대오토에버,1
심민정,1
신국제공항,1
김세호,1
유튜버,1
분식집,1
fomc,1
연방,1
신용보증재단중앙회,1
한계,1
소화액,1
박물관장,1
임시,1
면제,1
막창도둑,1
성인병,1
scfi,1
상하이컨테이너,1
3900,1
공군,1
무기,1
빚투,1
지방산,1
강북,1
동남,1
다이어트,1
태양,1
enm,1
임영웅,1
솥도시락,1
연잎,1
사무관,1
백정현,1
트릴리온,1
신청설,1
여부,1
경기도의회,1
보령시,1
축산과학원,1
한국전력한국전력,1
유신,1
국립낙동강생물자원관,1
역세권,1
이연희,1
지불,1
해양환경공단,1
전경수,1
여행비,1
제약바이오,1
삼성전자삼성전자,1
경영학부,1
환불금,1
스틱인터랙티브,1
대홍기획,1
출범,1
원래,1
유통망,1
조선닷컴,1
식품주,1
sk에코플랜트,1
무덤,1
동아시아,1
중공업,1
싼값,1
특구진흥재단,1
식용유,1
삼양식품,1
lcc,1
생일,1
교육관,1
침대,1
습기,1
물통,1
마이크로바이옴,1
안산금융센터,1
김석란,1
소송업체,1
김태우,1
gc,1
정준혁,1
합의서,1
기반,1
성적,1
컬러감,1
바닷가,1
한국제약바이오협회,1
쇼크,1
빰토요야시장,1
휴장,1
판교테크노밸리,1
운정신도시,1
서울관광재단,1
서울랜드,1
중소기업협회,1
중앙시장,1
스마트제조,1
디큐브시티점,1
대행업체,1
mg,1
영양제,1
수의사,1
sh수협은행,1
올빰토요야시장,1
김경은,1
폐기,1
정당,1
김동선,1
최초,1
이자율,1
사채,1
수순덮개공원,1
한경db쿠팡이츠,1
미래모빌리티,1
blockchain,1
game,1
partners,1
백채김치찌개,1
가정생활,1
기획자,1
초청장,1
가스료,1
빛가람혁신도시,1
산업센터,1
전통장,1
김규식,1
교통안전공단,1
레이더,1
김지헌,1
대탄도탄,1
kb즈원,1
바닥재,1
문찬걸,1
잠재력,1
정보력,1
dfi,1
066360,1
베이스캠프,1
비빔밥,1
인하g마켓,1
dive,1
국립금오공과대학교,1
경제가,1
발전량,1
daxa,1
더케이호텔,1
후원,1
아이스마케팅,1
특화,1
쿠팡이,1
국립금오공대,1
중증질환연합회,1
대한의사협회,1
이촌회계,1
회계사,1
ibk나라사랑카드,1
하이킹,1
해수욕장,1
온난화,1
아메리카신한은행,1
핵심,1
당시,1
한국음악저작권협회,1
친화적,1
김근량,1
외환,1
경영학과,1
포스코그룹장,1
설치,1
공기업,1
dropped,1
company,1
while,1
전력거래소,1
포항시,1
아마존닷컴,1
해운대구,1
스타뱅킹,1
융자,1
qmed,1
모금액,1
기부자,1
주류품평회,1
npu,1
절차,1
윤태경,1
김길수,1
009730,1
개인,1
기회,1
한국사,1
웰컴스타뱅킹,1
박노윤,1
352770,1
갤럭시링,1
청주터미널,1
버터,1
방콕,1
중국정보통신기술원,1
기업사,1
한국석유관리원,1
삼성생명,1
삼성생명빌딩,1
모듈,1
삼성타운,1
의약,1
의학,1
사업비,1
노조법,1
춘천동부새마을금고,1
와이씨켐,1
현대경제연구원,1
반려견재활,1
기후테크센터,1
나눔재단,1
한국무역협회,1
남해안,1
케어서비스,1
경제학과,1
난양공과대학,1
아기,1
빅테크,1
적응증,1
imm,1
약력학,1
김토일,1
원재료비,1
경고,1
한방재활의학,1
동호회,1
한화생명보험,1
가스공사,1
전통,1
농구,1
제주소통협력센터,1
성희롱,1
변혁,1
대한경영학회,1
차로,1
시위용,1
nh안전보험,1
nh농협생명,1
sgc에너지,1
퇴직자,1
퇴직금,1
암주요치료비,1
리그,1
신화워터파크,1
보건사,1
대한생활체육골프협회,1
청담어학원,1
파크,1
성과,1
배당락,1
코리아에셋투자증권,1
체크,1
생활체육,1
와우회원,1
스팸성,1
판매업체,1
대한생활체육회,1
한국자동차모빌리티산업협회,1
공항공,1
물놀이,1
경상북도관광,1
아이클릭아트대한항공,1
매경이코노미,1
자원관,1
평택항,1
전자석,1
토크콘서트,1
국토위,1
팩트체커,1
슈퍼로이어,1
생물,1
꿈돌이,1
거제조선소,1
ip직접,1
강남대,1
로켓,1
기업금융,1
커리어,1
한국세무사회공익재단,1
병마개,1
안산스마트지점장,1
고령화,1
대전검찰청,1
타운,1
형사,1
김두겸,1
울산시장,1
울산시청,1
스위트바이오,1
김경훈,1
아토키토,1
한국세무사회장,1
0332,1
김현일,1
서울회,1
수돗물,1
세계경제포럼,1
ktc,1
연구진,1
자원개발,1
닛케이,1
도쿄해상,1
구민혁,1
비판도르노코리아,1
패션,1
온열,1
충남도청,1
amd,1
농림수산업자,1
현대중공업,1
369,1
모로코,1
항체,1
바이오벤처,1
배양장,1
naver,1
한국기계전기,1
부산울산경남,1
한국기계전기전자시험연구원,1
돈암동지점장,1
오정리질리언스연구원,1
응답,1
자본시장연구원,1
킹콩,1
tour,1
373220,1
서울센터,1
주영준,1
through,1
싱귤탱귤,1
해태아이스크림,1
cloud,1
출근길,1
실망감,1
수행,1
퀵커머스,1
사골육수,1
푸드킹덤,1
푸드앤와인쇼,1
한국정보보호학회,1
한국수자원공사,1
한국중부,1
의료정보관리사협회,1
김선수,1
대한의료기사총연합회,1
임상병리사협회,1
간호조무사협회,1
한의사협회,1
정몽구재단,1
국립항공박물관,1
부대찌개,1
대나무,1
박물관,1
유아기,1
나노미터,1
른김,1
스포츠서울,1
꽃게,1
갈치,1
이인준,1
핸디팬,1
케어,1
수지,1
개막,1
가와바마을,1
축구,1
스프린트프레임,1
생레몬,1
기증자,1
기념품,1
노동위,1
수검자,1
벤처기업협회,1
생물학제,1
강북병원,1
관광부,1
별바다부산,1
한국의학연구소,1
한국핀테크지원센터,1
휴온스,1
청년창업재단,1
그린,1
대전광역시,1
036810,1
박보영,1
코드,1
휴온스글로벌,1
싼맛,1
놀이,1
닭갈비,1
롯데호텔앤리조트,1
숙박업체,1
돈육,1
광고물,1
인터랙티브,1
high,1
구리,1
작은상제,1
디즈니,1
인사이드아웃,1
지역아동복지,1
내후년,1
솔라라이트,1
임대차,1
롯데케미칼,1
김영식,1
기획부장,1
악사다이렉트자동차,1
bcg,1
효모균,1
kb스타퀴즈,1
할랄,1
개소식,1
설계사,1
저장성,1
오토바이,1
누전,1
행정부,1
개발업,1
조지아,1
갤럭시워치5,1
gs에코메탈,1
김지훈,1
에어버스,1
연락처,1
수입차,1
미얀마,1
vix,1
시카고,1
tta,1
김광석,1
무균,1
자본금,1
탐방김,1
배민카드,1
유상,1
현대인,1
지금,1
뉴잉턴사업장,1
여객선,1
증권주,1
포항국화원,1
추진실장,1
참여자,1
김두용,1
한국환경디자인연구소,1
한국성장금융투자운용,1
비교,1
삼성성자,1
가치사세마켓,1
교섭,1
wqhd,1
김성민,1
소비자가,1
병합발전소,1
배터리업,1
질병,1
서울대병원,1
hs효성첨단,1
hdr,1
카톡,1
문신,1
태백공원묘원,1
삼성멤버스,1
한국은행여기,1
차세대융합기술연구원,1
지원단,1
김정현,1
자본관계,1
관점,1
교촌에프앤비,1
해운주,1
갤럭시워치6,1
abl생명,1
취임사,1
농진원,1
마루제품개발연구소,1
630,1
항공국,1
적외선,1
크리스마스,1
학습실,1
찌따룸강,1
여름휴가,1
lngc,1
증시,1
컴퓨팅,1
배출,1
교육학과,1
대출금,1
병리학자,1
元大台灣價值高息,1
장화은행,1
토론서,1
과반수,1
김동철,1
김성우,1
커넥터,1
세계과학기술윤리,1
요금소,1
등산객,1
taste,1
물맛,1
ftth,1
제주항공,1
며칠,1
외식업주,1
고소득자,1
계약직,1
멀티매장,1
함흥냉면,1
생산성,1
급여액,1
오네,1
가덕도신공항,1
안전관리원,1
하은지역아동센터,1
이희범,1
기숙사,1
라이프케어,1
벤처인,1
일상생활,1
광주은행장,1
렐루게임즈,1
정읍시장,1
판매금,1
뱅크,1
신규보,1
출입,1
부산시청,1
개발실장,1
김민정,1
절반,1
반려동물용품,1
두바이,1
한국부동산원,1
김병수,1
김포시장,1
김포시,1
icf,1
소매업체,1
변경,1
애완동물,1
대형열진공,1
김기현,1
김도우,1
김용민,1
배요한,1
民需,1
계산,1
한국여성경제인,1
한일투자신탁운용,1
디노랩우리금융그룹,1
자산관리,1
백신산업,1
에어케어,1
김영운,1
국민연금,1
부서,1
김남태,1
버봇,1
출생,1
득표자,1
대장염,1
autoinjector,1
머스탱,1
중기중앙회,1
맞춤,1
켄터키주,1
재무부장,1
척추,1
농협금융지주,1
롯데손해보험,1
우리금융지주,1
롯데손보,1
투자처,1
생활맥주,1
프로텍트,1
치킨무,1
치킨웰빙푸드,1
030490,1
치킨업,1
김유석,1
정기회,1
김지윤,1
테네시주,1
서울지방국세청장,1
build,1
법조문,1
탑승,1
carrier,1
gas,1
industries,1
shuttle,1
도산공원,1
박차하노이,1
digital,1
가격표,1
기상청,1
화성정수장,1
공업용수,1
수산국장,1
안랩안랩,1
보험법,1
자영업자,1
캐나다은행,1
비대위원장,1
김주형,1
제습제,1
출생아,1
kps,1
인천개항박물관,1
장은숙,1
울산,1
유빅스테라퓨틱스,1
지능액티브,1
롯데몰,1
또휘부,1
롯데센터,1
기자실,1
서울금융센터장,1
전국레미콘운송총연합회,1
신세계,1
이노시뮬레이션,1
임신술,1
임신,1
논쟁,1
오아시스,1
의식,1
경코리아,1
만리배수지공원,1
과학,1
작업장,1
단련실,1
디아이씨ci자동차,1
혁신안,1
이마트에브리데이,1
csm,1
전경신한은행,1
안전교육협회,1
체육관,1
돼지,1
마이크로소프트,1
추천,1
데일리펀딩,1
산업부,1
수육국밥,1
국밥,1
만화,1
명예해양경찰관증,1
만화가,1
김효원,1
작가,1
김성모,1
정책의,1
명예해양경찰관,1
부산시체육회,1
겨울,1
포럼장,1
코리빙하우스은평구,1
은평구,1
지원실,1
보좌관,1
부산연구원,1
부산테크노파크,1
불광동,1
서울식물원,1
베트남쌀국수,1
동서식품,1
hd현대중공업,1
일산테크노밸리,1
청와대,1
김기성,1
김정숙,1
국수,1
창덕궁,1
해외여행,1
all,1
양지마을,1
인천역,1
재산권,1
일자리지원센터,1
should,1
consecutive,1
we,1
db현대자동차,1
일자리종합지원센터,1
작업자,1
철강업체,1
김제일자리종합지원센터,1
사료,1
간식,1
수산기술,1
정년퇴직,1
분석원,1
월드,1
수출향,1
농산물산지,1
농산물산지유통센터,1
수확량,1
농축산물,1
협력사,1
중국석유화공,1
governance,1
중국교통건설,1
부아기보험,1
임산부아기보험,1
한국신용평가,1
오케이저축은행,1
안전문,1
월드옥타,1
상담소,1
균사체,1
wemix,1
한앤컴퍼니,1
모건스탠리프라이빗에쿼티,1
선택권,1
매수,1
네트워크기술,1
청주센터,1
숙박비,1
하나금융,1
큰돈,1
김영호,1
제이시스메디칼,1
지우개발,1
천호우성아파트,1
키움증권키움증권,1
향미,1
천안시,1
자재價,1
전진바이오팜,1
전동화시험센터장,1
심장부,1
jb,1
connect,1
전환,1
000100,1
기업가정신,1
광주일보사,1
혁신원자력,1
하바네로,1
학술원,1
위기감,1
할인권,1
팩토리스토어,1
남양연구소,1
베인앤드컴퍼니,1
itc,1
셔틀버스,1
이랜드건설,1
인구중앙길,1
우리금융그룹우리금융그룹,1
하나저축은행,1
원더카드,1
수익률,1
손익률,1
hs효성홀딩스,1
얼마,1
통계국,1
차입금,1
금값,1
한국지역난방공사,1
연료비,1
한국타이어,1
김앤장,1
금융채,1
energy,1
술집,1
즐거움,1
기대한항공,1
percent,1
kia,1
hyundai,1
광화문금융센터,1
곤란,1
곡물가,1
해태제과식품,1
슈퍼푸드,1
타임스퀘어,1
인천크래프트,1
벌꿀,1
철강,1
과잉,1
현대오토,1
랭킹닭컴,1
삼성메디슨,1
타임동물,1
이데일리tv,1
2932,1
운전,1
닭컴,1
몸통,1
디스플레이,1
gfc,1
amr,1
상점가,1
기업청,1
전산용품,1
미니쿠퍼,1
층부,1
게임기,1
거짓말,1
축산법,1
luxury,1
기념,1
better,1
외교관,1
오리지널약,1
포항시장,1
한국초,1
대신,1
sk디스커버리,1
분기,1
sk네트웍스,1
호반건설,1
진흥기업,1
토크노믹스,1
선물,1
단체,1
베트남상공회의소,1
김희수,1
목욕,1
보육실,1
서울상황센터,1
구글스토어,1
한국자동차기자협회,1
식품업,1
커피믹스,1
광주디자인진흥원,1
송진희,1
충전소,1
김지민,1
디자인진흥원,1
국어,1
수성구,1
